{"cameraMode":{"drawMode":0,"name":"Shaded","section":"Shading Mode"},"sceneLighting":true,"audioPlay":false,"sceneViewState":{"showFog":false,"showMaterialUpdate":false,"showSkybox":false,"showFlares":false,"showImageEffects":false,"showParticleSystems":false},"in2DMode":false,"pivot":{"x":1.1809296607971192,"y":0.22460150718688966,"z":-4.5805768966674809},"rotation":{"x":0.08950350433588028,"y":-0.27677178382873537,"z":0.025899797677993776,"w":0.9564176201820374},"size":5.628677845001221,"orthographic":false}